akwakefield,1/10/2019
akwakefield,1/24/2019
akwakefield,1/28/2019
akwakefield,1/29/2019
akwakefield,1/30/2019
akwakefield,1/30/2019
akwakefield,1/31/2019
akwakefield,2/1/2019
akwakefield,2/4/2019
akwakefield,2/6/2019
akwakefield,2/7/2019
akwakefield,2/10/2019
akwakefield,2/12/2019
akwakefield,2/13/2019
akwakefield,2/14/2019
akwakefield,2/18/2019
akwakefield,2/19/2019
akwakefield,2/20/2019
akwakefield,2/21/2019
akwakefield,2/21/2019
akwakefield,2/23/2019
akwakefield,2/24/2019
