avlittle,1/8/2019
avlittle,1/9/2019
avlittle,1/10/2019
avlittle,1/11/2019
avlittle,1/11/2019
avlittle,1/13/2019
avlittle,1/14/2019
avlittle,1/15/2019
avlittle,1/16/2019
avlittle,1/18/2019
avlittle,1/18/2019
avlittle,1/20/2019
avlittle,1/22/2019
avlittle,1/22/2019
avlittle,1/23/2019
avlittle,1/23/2019
avlittle,1/24/2019
avlittle,1/25/2019
avlittle,1/25/2019
avlittle,1/26/2019
avlittle,1/27/2019
avlittle,1/27/2019
avlittle,1/28/2019
avlittle,1/29/2019
avlittle,1/30/2019
avlittle,1/30/2019
avlittle,1/31/2019
avlittle,2/1/2019
avlittle,2/3/2019
avlittle,2/5/2019
avlittle,2/6/2019
avlittle,2/6/2019
avlittle,2/7/2019
avlittle,2/8/2019
avlittle,2/12/2019
avlittle,2/15/2019
avlittle,2/15/2019
avlittle,2/16/2019
avlittle,2/19/2019
avlittle,2/19/2019
avlittle,2/20/2019
avlittle,2/20/2019
avlittle,2/21/2019
avlittle,2/22/2019
avlittle,2/22/2019
avlittle,2/23/2019
