hlhoney,1/7/2019
hlhoney,1/8/2019
hlhoney,1/9/2019
hlhoney,1/10/2019
hlhoney,1/11/2019
hlhoney,1/14/2019
hlhoney,1/16/2019
hlhoney,1/17/2019
hlhoney,1/18/2019
hlhoney,1/28/2019
hlhoney,1/29/2019
hlhoney,1/29/2019
hlhoney,1/30/2019
hlhoney,1/31/2019
hlhoney,1/31/2019
hlhoney,2/4/2019
hlhoney,2/4/2019
hlhoney,2/5/2019
hlhoney,2/6/2019
hlhoney,2/7/2019
hlhoney,2/8/2019
hlhoney,2/10/2019
hlhoney,2/11/2019
hlhoney,2/13/2019
hlhoney,2/20/2019
hlhoney,2/21/2019
hlhoney,2/22/2019
hlhoney,2/22/2019
