jbradakovich,1/11/2019
jbradakovich,1/15/2019
jbradakovich,1/15/2019
jbradakovich,1/15/2019
jbradakovich,1/15/2019
jbradakovich,1/15/2019
jbradakovich,1/20/2019
jbradakovich,1/20/2019
jbradakovich,1/20/2019
jbradakovich,1/20/2019
jbradakovich,1/21/2019
jbradakovich,1/21/2019
jbradakovich,1/21/2019
jbradakovich,1/22/2019
jbradakovich,1/22/2019
jbradakovich,1/23/2019
jbradakovich,1/24/2019
jbradakovich,1/24/2019
jbradakovich,1/25/2019
jbradakovich,1/25/2019
jbradakovich,1/25/2019
jbradakovich,1/27/2019
jbradakovich,1/28/2019
jbradakovich,1/28/2019
jbradakovich,1/29/2019
jbradakovich,1/29/2019
jbradakovich,1/30/2019
jbradakovich,1/30/2019
jbradakovich,1/30/2019
jbradakovich,1/31/2019
jbradakovich,1/31/2019
jbradakovich,1/31/2019
jbradakovich,2/1/2019
jbradakovich,2/1/2019
jbradakovich,2/2/2019
jbradakovich,2/3/2019
jbradakovich,2/4/2019
jbradakovich,2/4/2019
jbradakovich,2/4/2019
jbradakovich,2/5/2019
jbradakovich,2/5/2019
jbradakovich,2/5/2019
jbradakovich,2/6/2019
jbradakovich,2/6/2019
jbradakovich,2/6/2019
jbradakovich,2/7/2019
jbradakovich,2/7/2019
jbradakovich,2/10/2019
jbradakovich,2/11/2019
jbradakovich,2/11/2019
jbradakovich,2/11/2019
jbradakovich,2/11/2019
jbradakovich,2/11/2019
jbradakovich,2/12/2019
jbradakovich,2/12/2019
jbradakovich,2/13/2019
jbradakovich,2/13/2019
jbradakovich,2/13/2019
jbradakovich,2/14/2019
jbradakovich,2/14/2019
jbradakovich,2/14/2019
jbradakovich,2/15/2019
jbradakovich,2/17/2019
jbradakovich,2/18/2019
jbradakovich,2/18/2019
jbradakovich,2/19/2019
jbradakovich,2/20/2019
jbradakovich,2/21/2019
jbradakovich,2/21/2019
jbradakovich,2/21/2019
jbradakovich,2/22/2019
jbradakovich,2/24/2019
jbradakovich,2/25/2019
