jlklassen,1/20/2019
jlklassen,1/20/2019
jlklassen,1/21/2019
jlklassen,1/22/2019
jlklassen,1/22/2019
jlklassen,1/22/2019
jlklassen,1/23/2019
jlklassen,1/23/2019
jlklassen,1/23/2019
jlklassen,1/23/2019
jlklassen,1/28/2019
jlklassen,1/30/2019
jlklassen,1/30/2019
jlklassen,1/30/2019
jlklassen,2/4/2019
jlklassen,2/6/2019
jlklassen,2/9/2019
jlklassen,2/14/2019
jlklassen,2/17/2019
jlklassen,2/18/2019
jlklassen,2/18/2019
jlklassen,2/19/2019
jlklassen,2/20/2019
jlklassen,2/20/2019
jlklassen,2/20/2019
jlklassen,2/22/2019
jlklassen,2/22/2019
jlklassen,2/23/2019
