kdokeefe,1/6/2019
kdokeefe,1/6/2019
kdokeefe,1/7/2019
kdokeefe,1/8/2019
kdokeefe,1/8/2019
kdokeefe,1/9/2019
kdokeefe,1/9/2019
kdokeefe,1/10/2019
kdokeefe,1/13/2019
kdokeefe,1/14/2019
kdokeefe,1/14/2019
kdokeefe,1/15/2019
kdokeefe,1/17/2019
kdokeefe,1/19/2019
kdokeefe,1/20/2019
kdokeefe,1/21/2019
kdokeefe,1/21/2019
kdokeefe,1/22/2019
kdokeefe,1/23/2019
kdokeefe,1/24/2019
kdokeefe,1/24/2019
kdokeefe,1/25/2019
kdokeefe,1/25/2019
kdokeefe,1/25/2019
kdokeefe,1/27/2019
kdokeefe,1/27/2019
kdokeefe,1/28/2019
kdokeefe,1/30/2019
kdokeefe,1/31/2019
kdokeefe,2/2/2019
kdokeefe,2/2/2019
kdokeefe,2/2/2019
kdokeefe,2/3/2019
kdokeefe,2/4/2019
kdokeefe,2/4/2019
kdokeefe,2/5/2019
kdokeefe,2/6/2019
kdokeefe,2/7/2019
kdokeefe,2/7/2019
kdokeefe,2/10/2019
kdokeefe,2/10/2019
kdokeefe,2/10/2019
kdokeefe,2/10/2019
kdokeefe,2/11/2019
kdokeefe,2/11/2019
kdokeefe,2/12/2019
kdokeefe,2/12/2019
kdokeefe,2/13/2019
kdokeefe,2/13/2019
kdokeefe,2/14/2019
kdokeefe,2/18/2019
kdokeefe,2/19/2019
kdokeefe,2/20/2019
kdokeefe,2/20/2019
kdokeefe,2/20/2019
kdokeefe,2/20/2019
kdokeefe,2/25/2019
kdokeefe,2/25/2019
