kljacobs,1/9/2019
kljacobs,1/9/2019
kljacobs,1/9/2019
kljacobs,1/9/2019
kljacobs,1/9/2019
kljacobs,1/9/2019
kljacobs,1/9/2019
kljacobs,1/9/2019
kljacobs,1/9/2019
kljacobs,1/18/2019
kljacobs,1/22/2019
kljacobs,1/22/2019
kljacobs,1/22/2019
kljacobs,1/22/2019
kljacobs,1/22/2019
kljacobs,1/22/2019
kljacobs,1/22/2019
kljacobs,1/22/2019
kljacobs,1/22/2019
kljacobs,1/22/2019
kljacobs,1/22/2019
kljacobs,1/22/2019
kljacobs,1/22/2019
kljacobs,1/22/2019
kljacobs,1/22/2019
kljacobs,1/22/2019
kljacobs,1/28/2019
kljacobs,1/30/2019
kljacobs,2/6/2019
kljacobs,2/13/2019
kljacobs,2/13/2019
kljacobs,2/13/2019
kljacobs,2/13/2019
kljacobs,2/13/2019
kljacobs,2/14/2019
kljacobs,2/15/2019
kljacobs,2/19/2019
kljacobs,2/20/2019
kljacobs,2/20/2019
kljacobs,2/20/2019
kljacobs,2/22/2019
kljacobs,2/22/2019
kljacobs,2/24/2019
kljacobs,2/25/2019
