mafleming,1/8/2019
mafleming,1/17/2019
mafleming,1/21/2019
mafleming,1/22/2019
mafleming,1/22/2019
mafleming,1/22/2019
mafleming,1/23/2019
mafleming,1/23/2019
mafleming,1/24/2019
mafleming,1/24/2019
mafleming,1/25/2019
mafleming,1/25/2019
mafleming,1/25/2019
mafleming,1/26/2019
mafleming,1/27/2019
mafleming,1/28/2019
mafleming,1/28/2019
mafleming,1/28/2019
mafleming,1/28/2019
mafleming,1/29/2019
mafleming,1/30/2019
mafleming,1/30/2019
mafleming,1/30/2019
mafleming,1/31/2019
mafleming,1/31/2019
mafleming,2/1/2019
mafleming,2/1/2019
mafleming,2/1/2019
mafleming,2/1/2019
mafleming,2/1/2019
mafleming,2/3/2019
mafleming,2/4/2019
mafleming,2/4/2019
mafleming,2/4/2019
mafleming,2/5/2019
mafleming,2/6/2019
mafleming,2/6/2019
mafleming,2/7/2019
mafleming,2/7/2019
mafleming,2/7/2019
mafleming,2/7/2019
mafleming,2/8/2019
mafleming,2/8/2019
mafleming,2/9/2019
mafleming,2/11/2019
mafleming,2/11/2019
mafleming,2/11/2019
mafleming,2/13/2019
mafleming,2/14/2019
mafleming,2/14/2019
mafleming,2/15/2019
mafleming,2/15/2019
mafleming,2/17/2019
mafleming,2/18/2019
mafleming,2/18/2019
mafleming,2/19/2019
mafleming,2/20/2019
mafleming,2/21/2019
mafleming,2/21/2019
mafleming,2/22/2019
mafleming,2/22/2019
mafleming,2/22/2019
mafleming,2/23/2019
mafleming,2/23/2019
mafleming,2/24/2019
mafleming,2/24/2019
mafleming,2/25/2019
mafleming,2/25/2019
