rrhoney,1/6/2019
rrhoney,1/7/2019
rrhoney,1/7/2019
rrhoney,1/8/2019
rrhoney,1/10/2019
rrhoney,1/10/2019
rrhoney,1/10/2019
rrhoney,1/11/2019
rrhoney,1/11/2019
rrhoney,1/14/2019
rrhoney,1/15/2019
rrhoney,1/16/2019
rrhoney,1/16/2019
rrhoney,1/16/2019
rrhoney,1/17/2019
rrhoney,1/18/2019
rrhoney,1/18/2019
rrhoney,1/21/2019
rrhoney,1/28/2019
rrhoney,1/28/2019
rrhoney,1/29/2019
rrhoney,1/29/2019
rrhoney,1/29/2019
rrhoney,1/30/2019
rrhoney,1/30/2019
rrhoney,1/31/2019
rrhoney,2/1/2019
rrhoney,2/4/2019
rrhoney,2/5/2019
rrhoney,2/7/2019
rrhoney,2/8/2019
rrhoney,2/8/2019
rrhoney,2/9/2019
rrhoney,2/10/2019
rrhoney,2/11/2019
rrhoney,2/12/2019
rrhoney,2/13/2019
rrhoney,2/14/2019
rrhoney,2/14/2019
rrhoney,2/15/2019
rrhoney,2/15/2019
rrhoney,2/20/2019
rrhoney,2/21/2019
rrhoney,2/21/2019
rrhoney,2/22/2019
rrhoney,2/22/2019
